{"cameraMode":{"drawMode":0,"name":"Shaded","section":"Shading Mode"},"sceneLighting":true,"audioPlay":false,"sceneViewState":{"m_AlwaysRefresh":false,"showFog":true,"showSkybox":true,"showFlares":true,"showImageEffects":true,"showParticleSystems":true,"showVisualEffectGraphs":true,"m_FxEnabled":true},"in2DMode":false,"pivot":{"x":196.31942749023438,"y":61.5945930480957,"z":222.86892700195313},"rotation":{"x":-0.05300740525126457,"y":0.6644834876060486,"z":-0.047314807772636417,"w":-0.7439732551574707},"size":0.9105713963508606,"orthographic":false}