{"cameraMode":{"drawMode":0,"name":"Shaded","section":"Shading Mode"},"sceneLighting":true,"audioPlay":false,"sceneViewState":{"m_AlwaysRefresh":false,"showFog":true,"showSkybox":true,"showFlares":true,"showImageEffects":true,"showParticleSystems":true,"showVisualEffectGraphs":true,"m_FxEnabled":true},"in2DMode":false,"pivot":{"x":192.40943908691407,"y":51.33033752441406,"z":209.55792236328126},"rotation":{"x":0.1757253110408783,"y":-0.8182719945907593,"z":0.32805198431015017,"w":0.43820101022720339},"size":12.916260719299317,"orthographic":false}